PKNAME,PEAKID,PKNAME2,PKNAME_COSO,LOCATION,osm.x,osm.y,osm,wiki,s,Lat,Lon
Aichyn,ACHN,"Aychin, Ashvin",Aichyn,Chandi Himal (SW of Changwathang),0,0,0,0,0,"30,1615","81,5135"
Ama Dablam,AMAD,Amai Dablang,Ama Dablam,Khumbu Himal,1,0,0,1,2,,
Amotsang,AMOT,Amatson,Amotsang,Damodar Himal (NW of Pokharhan),0,0,0,0,0,"28,50576","84,101319"
Amphu Gyabjen,AMPG,Amphu Gyabien,Amphu Gyabjen,Khumbu Himal (N of Ama Dablam),1,0,0,0,1,,
Amphu I,AMPH,NA,Amphu,"Khumbu Himal (E of Amphu Laptsa, W of Baruntse)",0,0,0,0,0,"27,5213","86,572"
Amphu Middle,AMPM,Amphu North,Amphu,Khumbu Himal (NW of Amphu Laptsa),0,0,0,0,0,"27,5213","86,572"
Anidesh Chuli,ANID,White Wave Peak,Anidesh Chuli,Kangchenjunga Himal (W of Kangbachen),0,0,0,0,0,"27,4307","88,0415"
Annapurna I,ANN1,NA,Annapurna I,Annapurna Himal,0,1,1,1,3,,
Annapurna I East,ANNE,NA,Annapurna I East,Annapurna Himal (ENE of Annapurna I),0,0,0,1,1,,
Annapurna I Middle,ANNM,NA,Annapurna I Middle,Annapurna Himal (ENE of Annapurna I),0,0,0,1,1,,
Annapurna II,ANN2,NA,Annapurna II,Annapurna Himal,0,1,1,1,3,,
Annapurna III,ANN3,NA,Annapurna III,Annapurna Himal,0,1,1,1,3,,
Annapurna IV,ANN4,NA,Annapurna IV,Annapurna Himal,0,1,1,1,3,,
Annapurna South,ANNS,"Annapurna Dakshin, Moditse",Annapurna South,Annapurna Himal (S of Annapurna I and Fang),1,0,0,1,2,,
Api Main,APIM,NA,Api,Api Himal,0,0,0,0,0,"30,0015","80,56"
Api West,APIW,NA,Api,Api Himal (W of Api),0,0,0,0,0,,
Ardang,ARDN,Chyoro Ri,Ardang,Phupharka Himal (NW of Simikot),0,0,0,0,0,,
Arniko Chuli,ARNK,Araniko Chuli,Arniko Chuli,Mukut Himal (W Mustang near Tibetan border),0,0,0,0,0,"29,1034","83,3934"
Asajya Tuppa,ASAJ,NA,Asajya Tuppa,Gorakh Himal (ENE of Simikot on Tibetan border),0,0,1,0,1,,
Bamongo,BAMO,NA,Bamongo,Rolwaling Himal (E of Chekigo on Tibetan border),0,0,0,0,0,,
Baruntse,BARU,NA,Baruntse,Khumbu Himal (W of Makalu),1,0,1,1,3,,
Baudha,BAUD,NA,Baudha,Mansiri Himal (SE of Manaslu and Himalchuli),0,0,0,1,1,,
Beding Go,BEDG,Bedding Go,Beding Go,Rolwaling Himal (N of Beding village on Tibetan border),0,0,0,0,0,,
Bhairab Takura,BTAK,Madiya,Bhairab Takura,Jugal Himal (ENE of Dorje Lhakpa on Tibetan border),0,0,0,0,0,,
Bhemdang Ri,BHEM,Morimoto,Bhemdang Ri,Jugal Himal (SE of Shalbachum),1,0,0,0,1,,
Bhrikuti,BHRI,Damodar Himal,Bhrikuti,Damodar Himal (NE of Thorong La near Tibetan border),0,0,0,0,0,,
Bhrikuti Shail,BHRS,NA,Bhrikuti Shail,Damodar Himal (NE of Thorong La on Tibetan border),1,0,0,0,1,,
Bhulu Lhasa,BHUL,NA,Bhulu Lhasa,Kanjiroba Himal (NNW of Kanjiroba North),0,0,0,0,0,,
Bijora Hiunchuli,BIJO,NA,Bijora Hiunchuli,Jagdula Lekh (S of Kande Huinchuli),0,0,0,0,0,,
Bobaye,BOBA,NA,Bobaye,Api Himal (S of Nampa),1,0,0,1,2,,
Boktoh,BOKT,Bokta,Boktoh,Kangchenjunga Himal (SE of Jannu),1,0,0,0,1,,
Burke Kang,BURK,Burke Khang,Burke Kang,Khumbu Himal (ENE of Hungchhi on Tibetan border),0,0,0,0,0,,
Chabuk,CHAB,Tsajirip,Chabuk,Ohmi Kangri Himal (E of Ohmi Kangri on Tibetan border),0,0,0,0,0,,
Chago,CHAG,NA,Chago,Makalu Himal (NW of Makalu II on Tibetan border),0,0,1,0,1,,
Chako,CHAK,NA,Chako,Damodar Himal (ESE of Bhrikuti Shail),0,0,0,0,0,,
Chamar,CHMR,Shringi Himal,Chamar,Shringi Himal (SSE of Chamar),1,0,0,1,2,,
Chamar,CHMR,Shringi Himal,Chamar,Shringi Himal (SSE of Chamar),1,0,0,1,2,,
Chamar Kang,CHKA,"Chharka, Kangtega",Chamar Kang,"Mukut Himal (NW of Tsharka village, SE of Tingkyu village)",0,0,0,0,0,,
Chamar North,CHMN,Peak 23,Chamar,Shringi Himal,0,0,0,0,0,,
Chamlang,CHAM,NA,Chamlang,"Khumbu Himal (in Hongku Valley, SW of Makalu)",1,0,0,1,2,,
Chandi Himal,CHND,NA,Chandi Himal,Chandi Himal (NE of Simikot on Tibetan border),0,0,0,0,0,,
Changdi,CHNG,NA,Changdi,Palchung Himal (SE of Kanti Himal peak on Tibetan border),0,0,1,0,1,,
Changla,CHAN,Changla Himal,Changla,Changla Himal (N of Jumla on Tibetan border),0,0,1,1,2,,
Changtse,CTSE,Everest North Peak,Changtse,North of Everest (in Tibet),0,0,0,1,1,,
Changwathang,CHWT,NA,Changwathang,Chandi Himal (S of Tibetan border),0,0,0,0,0,,
Chaw Peak,CHAW,Chaw East,Chaw Peak,Ohmi Kangri Himal (WNW of Ohmi Kangri on Tibetan border),0,0,0,0,0,,
Chekigo,CHEK,NA,Chekigo,Rolwaling Himal (ENE of Beding village on Tibetan border),1,0,0,1,2,,
Cheo Himal,CHEO,NA,Cheo Himal,Peri Himal (ESE of Himlung Himal on Tibetan border),0,0,0,0,0,,
Chhiv Himal,CHIV,Chhib Himal,Chhiv Himal,Damodar Himal (SW of Saribang and WSW of Bhrikuti),1,0,0,0,1,,
Chhochenphu Himal,CPHU,NA,Chhochenphu Himal,Ohmi Kangri Himal (SW of Pabuk Kang near Tibetan border),0,0,0,0,0,,
Chhopa Bamare,CBAM,Chomo Pamari,Chhopa Bamare,Rolwaling Himal (NW of Lamabagar on Tibetan border),0,0,0,0,0,,
Chhuboche,CHUB,NA,Pisang Peak,Damodar Himal (NNE of Pisang Peak),0,0,0,0,0,,
Chhukung Chuli,CHRI,Chhukung Ri,Lhotse,Khumbu Himal (S of Lhotse),0,0,0,0,0,,
Chhukung Tse,CHUK,NA,Lhotse,Khumbu Himal (S of Lhotse),0,0,0,0,0,,
Cho Oyu,CHOY,NA,Cho Oyu,Khumbu Himal (NW of Everest on Tibetan border),0,1,1,1,3,,
Cho Polu,CHOP,NA,Cho Polu,"Khumbu Himal (S of Shartse, N of Baruntse)",1,0,0,1,2,,
Chobuje,CHOB,"Chobutse, Tsoboje",Chobuje,Rolwaling Himal (NE of Tsho Rolpa),0,0,0,0,0,,
Cholatse,CHOL,"Tsolatse, Jobo Lhaptshan",Cholatse,Khumbu Himal (N of Tawoche),1,0,0,1,2,,
Chukyima Go,CHUG,Chugimago,Chukyima Go,Rolwaling Himal (WSW of Tesi Laptsa),1,0,0,1,2,,
Chulu Central,CHUL,Chulu East,Chulu Central,Damodar Himal (E of Thorong La),0,0,0,0,0,,
Chulu West,CHUW,NA,Chulu,Damodar Himal (E of Thorong La),1,0,0,0,1,,
Chumbu,CHUM,NA,Chumbu,Khumbu Himal (WSW of Khangri Shar near Tibetan border),1,0,0,1,2,,
Churen Himal Central,CHUR,NA,Churen Himal,Dhaulagiri Himal (NW of Dhaulagiri VI),0,0,0,0,0,,
Churen Himal East,CHRE,NA,Churen Himal,Dhaulagiri Himal (NW of Dhaulagiri VI),0,0,0,0,0,,
Churen Himal West,CHRW,NA,Churen Himal,Dhaulagiri Himal (NW of Dhaulagiri VI),0,0,0,0,0,,
Danga,DANG,NA,Danga,"Ohmi Kangri Himal (WNW of Lhonak, E of Nupchu)",1,0,0,0,1,,
Danphe Shail,DANS,Danfe Shail,Kanjiroba ,Palchung Himal (N of Kanjiroba on Tibetan border),0,0,0,0,0,,
Dhampus,DHAM,"Thapa Peak, Marpha Peak",Dhaulagari,Mukut Himal (NE of Dhaulagiri I and Tukuche),0,0,0,0,0,,
Dhaulagari,DGAR,Dhaulasiri,Dhaulagari,"Raksha Urai Himal (E of Bobaye, S of Raksha Urai)",1,0,0,0,1,,
Dhaulagiri I,DHA1,NA,Dhaulagari,Dhaulagiri Himal,0,0,0,0,0,,
Dhaulagiri II,DHA2,NA,Dhaulagiri II,Dhaulagiri Himal (NW of Dhaulagiri I),1,0,0,1,2,,
Dhaulagiri III,DHA3,"Nalu, Naula",Dhaulagiri III,Dhaulagiri Himal (SW of Dhaulagiri II),1,0,0,0,1,,
Dhaulagiri IV,DHA4,NA,Dhaulagiri IV,Dhaulagiri Himal (W of Dhaulagiri V),1,0,0,1,2,,
Dhaulagiri V,DHA5,NA,Dhaulagiri V,Dhaulagiri Himal (SW of Dhaulagiri III),1,0,0,1,2,,
Dhaulagiri VI,DHA6,NA,Dhaulagiri VI,Dhaulagiri Himal (WSW of Dhaulagiri IV),1,0,0,0,1,,
Dhechyan Khang,DHEC,NA,Gaugiri,Damodar Himal (ESE of Gaugiri on Tibetan border),0,0,0,0,0,,
Dingjung North,DING,"Kangkuru, Rima Mancho",Dingjung Ri,Rolwaling Himal (S of Pangbuk Ri on Tibetan border),0,0,0,0,0,,
Dingjung Ri,DINS,Dingjung Ri South,Dingjung Ri,Rolwaling Himal (S of Pangbuk Ri on Tibetan border),1,0,0,0,1,,
Dogari,DOGA,NA,Putha Hiunchuli,Dhaulagiri Himal (WNW of Putha Hiunchuli),0,0,0,0,0,,
Dolma Khang,DOLM,Tseringma,Gaurishankar,Rolwaling Himal (SE of Gaurishankar on Tibetan border),0,0,0,0,0,,
Dome Kang,DOMK,NA,Domo,Jongsang Himal (ESE of Jongsong on Indian border),0,0,0,0,0,,
Domo,DOMO,Jongsang SE Peak,Domo,Jongsang Himal (SE of Jongsong on Indian border),0,0,0,1,1,,
Dorje Lakpa II,DOR2,Jugal Himal,Dorje Lhakpa,Jugal Himal (S of Dorje Lhakpa),0,0,0,0,0,,
Dorje Lhakpa,DORJ,NA,Dorje Lhakpa,Jugal Himal (near Tibetan border),1,0,0,1,2,,
Dragmorpa Ri,DRAG,Thakmarpo Ri,Dragmorpa Ri,Langtang Himal (SW of Tilman's Col on Tibetan border),0,0,0,0,0,,
Drangnag Ri,DRAN,Thaknak Ri,Drangnag Ri,Rolwaling Himal (N of Tesi Laptsa near Tibetan border),1,0,0,1,2,,
Drohmo,DROM,"Domo, Longridge Peak",Drohmo,Jongsang Himal (NNW of Kangchenjunga),1,0,0,1,2,,
Dudh Kundali,DUDH,"Dui Tal Chuli, Two Lakes Peak",Kanjiroba ,Jagdula Lekh (S of Kanjiroba Himal),0,0,0,0,0,,
Dwijen Himal,DWIJ,NA,Dwijen Himal,Shringi Himal (NE of Ghap village on Tibetan border),0,0,0,0,0,,
Dzanye,DZAN,Dzanaye,Lashar I,Janak Himal (WNW of Lashar I on Tibetan border),0,0,0,0,0,,
Dzanye II,DZA2,NA,Lashar I,Janak Himal (S of Danzye Peak),0,0,0,0,0,,
Dzasampatse,DZAS,NA,,Khumbu Himal (S of Pasang Lhamu Chuli),0,0,0,0,0,,
Ek Rate Danda,EKRA,NA,,"Khumbu Himal (in Hongku Valley, S of Chamlang)",0,0,0,0,0,,
Everest,EVER,"Sagarmatha, Chomolungma, Qomolungma",,Khumbu Himal,0,1,0,0,1,,
Fang,FANG,"Varaha Shikhar, Varaha Chuli, Finger",,Annapurna Himal (SW of Annapurna I),0,0,0,0,0,,
Firnkopf,FIRN,"Phirankoph, Firnkopf East",,hSaipal Himal (W of Saipal),0,0,0,0,0,,
Firnkopf West,FIRW,Phirankoph West,,Saipal Himal (WSW of Firnkopf),0,0,0,0,0,,
Futi Himal,FUTI,NA,,Damodar Himal (W of Bhrikuti),0,0,0,0,0,,
Gama Peak,GAMA,NA,,"Dhaulagiri Himal (N of Dhaulagiri VI, S of Junction Peak)",1,0,0,0,1,,
Ganchenpo,GANC,"Fluted Peak, Ganchempo",,Jugal Himal (W of Dorje Lhakpa and Urkinmang),1,0,0,0,1,,
Gandharva Chuli,GAND,"Gandharbha, Gabelhorn Peak",,Annapurna Himal (SSW of Annapurna III near Machhapuchhare),0,0,0,0,0,,
Ganesh I,GAN1,Yangra Kangri,,Ganesh Himal (on Tibetan border),0,0,0,0,0,,
Ganesh II,GAN2,NA,,Ganesh Himal (WSW of Ganesh I),0,0,0,0,0,,
Ganesh III,GAN3,"Salasungo, Kang Lombo, Lopsang Karbo",,Ganesh Himal (S of Ganesh I on Tibetan border),0,0,0,0,0,,
Ganesh IV,GAN4,Pabil,,Ganesh Himal (SW of Ganesh I),0,0,0,0,0,,
Ganesh V,GAN5,NA,,Ganesh Himal (SE of Ganesh I on Tibetan border),1,0,0,0,1,,
Ganesh VI,GAN6,NA,,Ganesh Himal (subpeak SE of Ganesh II),1,0,0,0,1,,
Ganesh VII,GAN7,NA,,Ganesh Himal (E of Ganesh I in Tibet),0,0,0,0,0,,
Gangapurna,GANG,NA,,Annapurna Himal (NW of Annapurna III),1,1,1,1,4,,
Gangapurna West,GANW,"Lachenal Peak, Asapurna",,Annapurna Himal (W of Gangapurna),0,0,0,0,0,,
Gaugiri,GAUG,NA,,Damodar Himal (N of Bhrikuti on Tibetan border),1,0,0,0,1,,
Gaurishankar,GAUR,Jomo Tseringma,Gaurishankar,Rolwaling Himal (on Tibetan border),0,0,0,0,0,,
Gaurishankar South,GAUS,Gauri,Gaurishankar,Rolwaling Himal (S of Gaurishankar),0,0,0,0,0,,
Gave Ding,GDNG,NA,,Changla Himal (N of Lachama Chuli on Tibetan border),0,0,0,0,0,,
Ghenge Liru,GHEN,"Ghenye Lirung, Langtang II",,Langtang Himal (WSW of Langtang Lirung),0,0,0,0,0,,
Ghhanyala Hies,GHAN,NA,,Janak Himal (NW of Janak Chuli on Tibetan border),0,0,0,0,0,,
Ghustang North,GHUN,NA,,Dhaulagiri Himal (WNW of Gurja Himal),0,0,0,0,0,,
Ghustang South,GHUS,"Gurja West, Paschim Himal",,Dhaulagiri Himal (WSW of Gurja Himal),0,0,0,0,0,,
Ghyun Himal I,GHYN,NA,,Mustang Himal (N of Ghyun Khola on Tibetan border),0,0,0,0,0,,
Ghyuthumba Main,GHYM,"Gutumpa, Pasang Peak",,Jagdula Lekh (S of Kanjiroba Himal),0,0,0,0,0,,
Gimmigela Chuli,GIMM,Twins,,Kangchenjunga Himal (N of Kangchenjunga on Indian border),0,0,0,1,1,,
Gimmigela Chuli East,GIME,Twins,,Kangchenjunga Himal (N of Kangchenjunga on Indian border),0,0,0,0,0,,
Glacier Dome,GLAC,"Tarke Kang, Tarke Khang",,Annapurna Himal (E of Annapurna I),0,0,0,0,0,,
Gojung,GOJN,Mugu Chuli,,Kanti Himal (WNW of Kanti Himal peak on Tibetan border),0,0,0,0,0,,
Goldum Peak,GOLD,Pangri Goldumba,,Jugal Himal (on Tibetan border),0,0,0,0,0,,
Gorakh Himal,GORH,NA,,Gorakh Himal (NE of Simikot on Tibetan border),1,0,0,0,1,,
Gorakh Khang,GORK,NA,,Gorakh Khang (ENE of Simikot on Tibetan border),0,0,0,0,0,,
Guras,GURA,Gurans,,Guras Himal (NE of Nampa on Tibetan border),0,0,0,0,0,,
Gurja Himal,GURJ,NA,,Dhaulagiri Himal (S of Dhaulagiri VI),1,0,0,1,2,,
Gurkarpo Ri,GURK,NA,,Jugal Himal (N of Dorje Lhakpa on Tibetan border),1,0,0,1,2,,
Gyachung Kang,GYAC,NA,,Khumbu Himal (E of Cho Oyu on Tibetan border),0,1,1,1,3,,
Gyajikang,GYAJ,Gyaji Khang,,Peri Himal (SW of Himlung Himal),0,0,0,0,0,,
Gyala,GYLA,NA,,Manaslu Himal (NNE of Larkya La on Tibetan border),0,0,0,0,0,,
Gyalzen Peak,GYLZ,Gyaltsen Peak,,Jugal Himal (SE of Leonpo Gang on Tibetan border),0,0,0,0,0,,
Herzog Peak,HERZ,Khangsar Khang West,,Annapurna Himal (WSW of Roc Noir),0,0,0,0,0,,
Himalchuli East,HIME,Himalchuli Main,,Mansiri Himal (SE of Manaslu),0,0,0,0,0,,
Himalchuli North,HIMN,NA,,"Mansiri Himal (SE of Manaslu, WNW of Himalchuli Main)",0,0,0,0,0,,
Himalchuli West,HIMW,NA,,"Mansiri Himal (SE of Manaslu, W of Himalchuli Main)",0,0,0,0,0,,
Himjung,HIMJ,Nemjung Goth,,Peri Himal (S of Himlung Himal),0,0,0,0,0,,
Himlung East,HMLE,NA,,Peri Himal (E of Himlung Himal on Tibetan border),0,0,0,0,0,,
Himlung Himal,HIML,NA,,Peri Himal (NW of Manaslu near Tibetan border),0,0,0,1,1,,
Hiunchuli,HIUP,Patal Hiunchuli,,Annapurna Himal (E of Annapurna South),1,0,0,1,2,,
Hiunchuli,HIUP,Patal Hiunchuli,,Annapurna Himal (E of Annapurna South),1,0,0,1,2,,
Hongde,HONG,"Hangde, Hongde Himal",,Mukut Himal (N of Sita Chuchura in Hidden Valley),1,0,0,0,1,,
Hongku,HONK,"Hongku Chuli Nup, Honku, Sura Peak",,"Khumbu Himal (in Hongku Valley, W of Hongku Chuli)",0,0,0,0,0,,
Hongku Chuli,HNKU,"Hunku Chuli, Pyramid Peak",,"Khumbu Himal (in Hongku Valley, NE of Chamlang)",0,0,0,0,0,,
Hulang Go,HUGO,NA,,Peri Himal (WNW of Ratna Chuli on Tibetan border),0,0,0,0,0,,
Hungchhi,HCHI,"Hunchhi, Chakung, Gyubanare Kang, Gyuba Tshomotse",,Khumbu Himal (S of Gyachung Kang on Tibetan border),0,0,0,0,0,,
Hunku,HUNK,NA,,Khumbu Himal (NNE of Peak 41),0,0,0,0,0,,
Imjatse,IMJA,Island Peak,,Khumbu Himal (S of Lhotse),0,0,0,0,0,,
Jabou Ri,JABR,NA,,Rolwaling Himal (S of Tarkago),0,0,0,0,0,,
Jagdula,JAGD,NA,,Jagdula Lekh (S of Kande Hiunchuli),0,0,0,0,0,,
Janak Chuli,JANK,"Janak, Outlier",,Janak Himal (WNW of Jongsang on Tibetan border),1,0,0,0,1,,
Jannu,JANU,Khumbhakarna,,Kangchenjunga Himal (W of Kangchenjunga),0,0,0,1,1,,
Jannu East,JANE,Khumbhakarna East,,Kangchenjunga Himal (W of Kangchenjunga),0,0,0,0,0,,
Jarkya,JARK,NA,,Manaslu Himal (N of Larkya La on Tibetan border),0,0,0,0,0,,
Jasemba Goth,JASG,Dzasampa Kang,,Khumbu Himal (NW of Pasang Lhamu Chuli),0,0,0,0,0,,
Jethi Bahurani,JETH,"Jettiborani, Jutibofurani",,Api Himal (S of Nampa and Bobaye),1,0,0,1,2,,
Jinjang,JING,"Genjang, Gajang, Jijang",,Damodar Himal (E of Thorong La),1,0,0,0,1,,
Jobo Rinjang,JOBO,Jobo Ribjang,,Rolwaling Himal (SW of Nangpa La near Tibetan border),1,0,0,1,2,,
Jomsom Himal,JOMS,Jomsang Himal,,Damodar Himal (WNW of Amotsang Himal),0,0,0,0,0,,
Jongsang,JONG,"Jonsong, Jhinsang",,Jongsang Himal (on Indian-Tibetan border),0,0,0,0,0,,
Jugal 1,JUG1,NA,Dorje Lhakpa,Jugal Himal (E of Dorje Lakpa),0,0,0,0,0,,
Jugal 2,JUG2,NA,Dorje Lhakpa,Jugal Himal (ENE of Dorje Lakpa),0,0,0,0,0,,
Jugal 3,JUG3,NA,Dorje Lhakpa,Jugal Himal (SE of Dorje Lakpa),0,0,0,0,0,,
Jugal 4,JUG4,NA,Dorje Lhakpa,Jugal Himal (SSE of Dorje Lakpa),0,0,0,0,0,,
Jugal 5,JUG5,NA,,Jugal Himal (W of Yangri),0,0,0,0,0,,
Junction Peak,JUNC,NA,,"Dhaulagiri Himal (on ridge joining Dhaulagiri VI, IV and Churen)",1,0,0,0,1,,
Jyachhung,JYAC,NA,,Byas Risi Himal (NNW of Nampa on Tibetan border),0,0,0,0,0,,
Kabru Dome,KABD,NA,Kabru,Simhalila Himal (SE of Kabru in India),0,0,0,0,0,,
Kabru Main,KABR,Kabru Central,Kabru,Simhalila Himal (S of Talung on Indian border),0,0,0,0,0,,
Kabru North,KABN,NA,Kabru,Simhalila Himal (S of Kabru Main on Indian border),0,0,0,0,0,,
Kabru South,KABS,Kabru IV,Kabru,Simhalila Himal (S of Kabru North on Indian border),0,0,0,0,0,,
Kagmara I,KAG1,NA,,Kagmara Lekh (S of Kanjiroba Himal),0,0,0,0,0,,
Kaipuchonam,KAIP,NA,,Kanti Himal (WNW of Changdi on Tibetan border),0,0,0,0,0,,
Kali Himal,KALI,"Chota Ri, Baruntse North",Baruntse,Khumbu Himal (NW of Baruntse),1,0,0,0,1,,
Kande Hiunchuli,KAND,NA,Kanjiroba ,Kanjiroba Himal (WNW of Kanjiroba),0,0,0,0,0,,
Kande Hiunchuli North  I,KAN1,NA,Kanjiroba ,Kanjiroba Himal (NW of Kanjiroba),0,0,0,0,0,,
Kande Hiunchuli North  II,KAN2,NA,Kanjiroba ,Kanjiroba Himal (NW of Kanjiroba),0,0,0,0,0,,
Kang Guru,KGUR,Naurgaon,,Peri Himal (SW of Himlung Himal),0,0,0,1,1,,
Kang Kuru,KAKU,NA,,"Mustang Himal (NNE of Tsartse, WSW of Ghami village)",0,0,0,0,0,,
Kang Nagchugo,KNAG,Khang Nagchugo,,Rolwaling Himal (E of Chekigo on Tibetan border),0,0,0,0,0,,
Kangbachen,KANB,Kambachen,Kangbachen,Kangchenjunga Himal (W Spur of Kangchenjunga),1,0,0,1,2,,
Kangbachen East,KBNE,Kambachen East,Kangbachen,Kangchenjunga Himal (plateau SE of Kangbachen?),0,0,0,0,0,,
Kangchenjunga,KANG,NA,,Kangchenjunga Himal,1,0,1,0,2,,
Kangchenjunga Central,KANC,NA,,Kangchenjunga Himal (between Main and South summits),1,0,0,1,2,,
Kangchenjunga North,KANN,NA,Kangchenjunga,Kangchenjunga Himal (small knob north of Main summit),0,0,0,0,0,,
Kangchenjunga South,KANS,NA,,Kangchenjunga Himal,1,0,0,1,2,,
Kangchung Nup,KCHN,"Khangchung Nup, Kangcho Nup, Cholo, Abi Peak",,Khumbu Himal (NE of Gokyo Lake),0,0,0,0,0,,
Kangchung Shar,KCHS,"Khangchung, Kangcho Shar, UIAA Peak",,Khumbu Himal (NE of Gokyo Lake),0,0,0,0,0,,
Kangtega,KTEG,"Kantega, Khangtega, Kang Taiga",,Khumbu Himal (SW of Ama Dablam),1,0,0,1,2,,
Kangtokal,KTOK,Khang Tokal,Putha Hiunchuli,Dhaulagiri Himal (on ridge N of Putha Hiunchuli),0,0,0,0,0,,
Kangtsune,KTSU,"Kangchunne, Kanchauni Lekh",,"Kagmara Lekh (SE of Kanjiroba, W of Kanjeralwa)",0,0,0,0,0,,
Kanjeralwa,KJER,"Kanjirowa, Kanchen Ruwa",Kanjeralwa,Kanjiroba Himal (NW of Phoksumdo Tal),1,0,0,0,1,,
Kanjiroba North,KJRN,NA,Kanjiroba ,Kanjiroba Himal,0,0,0,0,0,,
Kanjiroba South,KJRS,Kanjiroba Main,Kanjiroba ,Kanjiroba Himal,0,0,0,0,0,,
Kanta Gaton,KAGA,Kangfu Gaton,,Kanjiroba Himal (SE of Phoksumdo Tal),0,0,0,0,0,,
Kanti Himal,KANT,"Ronglai Kangri, Kaqur Kangri, Kubi Grangri",,Kanti Himal (NNW of Kanjiroba on Tibetan border),0,0,0,0,0,,
Kanti Himal Churau,KNTC,NA,,Kanti Himal (NW of Kanti Himal on Tibetan border),0,0,0,0,0,,
Kanti Himal East,KNTE,NA,,Kanti Himal (NW of Kanti Himal on Tibetan border),0,0,0,0,0,,
Kaptang,KAPT,NA,,Kanti Himal (NW of Kanti Himal peak on Tibetan border),0,0,0,0,0,,
Karko,KARK,NA,,Saipal Himal (WNW of Saipal),0,0,0,0,0,,
Karsang Khang,KARS,UAAA Peak,,Damodar Himal (NE of Saribung),0,0,0,0,0,,
Karyolung,KARY,NA,,Rolwaling Himal (SE of Numbur),1,0,0,1,2,,
Kasi Dalpha,KASI,NA,,Jagdula Lekh (S of Kande Huinchuli),1,0,0,0,1,,
Khamjung,KHAM,"Khumjung, Khamjungar",,Damodar Himal (W of Saribung and Bhrikuti),0,0,0,0,0,,
Khangri Shar,KGRI,NA,,Khumbu Himal (W of Pumori),0,0,0,1,1,,
Khangri West,KGRW,NA,,Khumbu Himal (W of Pumori),0,0,1,0,1,,
Khatang,KHAT,NA,,Rolwaling Himal (E of Numbur),1,0,0,1,2,,
Khatung Khang,KTUN,NA,,Annapurna-Nilgiri Himal (SW of Thorong La),0,0,0,0,0,,
Khayang,KHAY,NA,,Manaslu Himal (E of Samdo Peak on Tibetan border),0,0,0,0,0,,
Khongma Tse,KHON,Mehra Peak,,Khumbu Himal (SW of Nuptse),0,0,0,0,0,,
Khumbutse,KHUM,NA,,Khumbu Himal (NW of Lho La on Tibetan border),0,0,0,1,1,,
Khung,KHNG,NA,Kanjiroba ,Palchung Himal (NE of Kanjiroba on Tibetan border),0,0,0,0,0,,
Kimshung,KIMS,"Kinshung, Tsangbu Ri",,Langtang Himal (NE of Langtang Lirung),1,0,0,1,2,,
Kirat Chuli,KIRA,Tent Peak,,Jongsang Himal (N of Kangchenjunga on Indian border),1,0,0,1,2,,
Kogi Khang North,KOGI,Kogi Kang North,,Kanti Himal (ESE of Kanti Himal peak on Tibetan border),0,0,0,0,0,,
Kojichuwa Chuli,KOJI,NA,,Kanti Himal (NNW of Kanti Himal peak on Tibetan border),0,0,0,0,0,,
Kojichuwa South,KOJS,NA,,Kanti Himal (SW of Kojichuwa Chuli on Tibetan border),0,0,0,0,0,,
Konabon,KBON,Kambon,,Dhaulagiri Himal (SE of Gurja Himal),0,0,0,0,0,,
Korlang Pari Tippa,KORL,Korlang Pari Tippa North,,N of Lamabagar on Tibetan border,0,0,0,0,0,,
Kotang,KOTA,"Kokthang, Kothang Kang",,Simhalila Himal (SSW of Rothang on Indian border),0,0,0,0,0,,
Kumlung,KUML,Kang Kuru?,,Damodar Himal (NE of Saribung and W of Bhrikuti),0,0,0,0,0,,
Kusum Kanguru,KUSU,"Kusum Kang, Lamu",,Khumbu Himal (NE of Lukla village),0,0,0,1,1,,
Kwangde,KWAN,NA,,Rolwaling Himal (W of Namche Bazar),0,0,0,0,0,,
Kyabura,KYAB,"Ghabur, Temachungi",,"Kangchenjunga Himal (W of Kumbhakarna, Sobitongie and Phole)",0,0,0,0,0,,
Kyashar,KYAS,"Peak 43, Tangnag Tseng",,Khumbu Himal (S of Kantega),1,0,0,1,2,,
Kyazo Ri,KYAZ,Kyajo Ri,,Khumbu Himal (SW of Gokyo Lake),0,0,0,0,0,,
Kyungka Ri 1,KYR1,Kyungya Ri 1,,Langtang Himal (NE of Shalbachum near Tibetan border),0,0,0,0,0,,
Kyungka Ri 2,KYR2,Kyungya Ri 2,,Langtang Himal (NE of Shalbachum on Tibetan border),0,0,0,0,0,,
Lachama Chuli,LCHA,"Kubi Kangri, Kubi Dongdong",,Changla Himal (N of Gorakh Himal on Tibetan border),0,0,0,0,0,,
Lachama North,LCHN,NA,,Changla Himal (N of Lachama Chuli on Tibetan border),0,0,0,0,0,,
Lamjung Himal,LAMJ,NA,,Annapurna Himal (SE of Annapurna II),1,0,0,1,2,,
Lampo,LAMP,"Langpo Kangri, Ganesh VI",,Ganesh Himal (N of Ganesh I on Tibetan border),0,0,0,0,0,,
Langchung Khang,LNGK,Langpo Chung,,Jongsang Himal (NW of Langpo on Indian border),1,0,0,0,1,,
Langdak,LDAK,NA,,Rolwaling Himal (N of Raungsiyar and Pimu),0,0,0,0,0,,
Langdung,LDNG,Ripumutse,,Rolwaling Himal (WSW of Ripimo Shar on Tibetan border),1,0,0,0,1,,
Langju,LNJU,Lajo Dada,,Shringi Himal (S of Tobsar),0,0,0,0,0,,
Langmoche Ri,LMOC,NA,,Rolwaling Himal (N of Tesi Laptsa),1,0,0,0,1,,
Langpo,LNPO,Longpo,,Jongsang Himal (SE of Jongsang on Indian border),0,0,0,0,0,,
Langpo South,LNPS,NA,,Jongsang Himal (SE of Langpo on Indian border),1,0,0,0,1,,
Langshisa Ri,LSIS,Langsisa Ri,,Jugal Himal (NW of Dorje Lhakpa),1,0,0,1,2,,
Langtang Lirung,LANG,Langtang,,Langtang Himal,0,0,1,1,2,,
Langtang Ri,LANR,NA,,Langtang Himal (NE of Langtang Lirung on Tibetan border),1,0,0,1,2,,
Langtang Yubra,LANY,Yubra Himal,,Langtang Himal (ENE of Langtang Lirung),0,0,0,0,0,,
Larkya Peak,LARK,"Granite Peak, Naike Peak",,Manaslu Himal (N of Manaslu North),1,0,0,0,1,,
Lasa,LASA,NA,,Byas Risi Himal (NNW of Nampa on Tibetan border),0,0,1,0,1,,
Lashar I,LASH,Loshar I,Lashar I,Janak Himal (NW of Lashar II on Tibetan border),1,0,0,0,1,,
Lashar II,LAS2,Loshar II,,Janak Himal (SW of Ghhanyala Hies on Tibetan border),1,0,0,0,1,,
Leonpo Gang,LEON,"Dorje Pahad, Big White Peak",,Jugal Himal (NNE of Dorje Lhakpa on Tibetan border),0,0,0,0,0,,
Leonpo Gang East,LEOE,Gyalgen Peak,,Jugal Himal (NE of Leonpo Gang on Tibetan border),0,0,0,0,0,,
Lha Shamma,LHAS,"Lhasharma, Pinnacle Peak",,"Kagmara Lekh (S of Kanjiroba, NNW of Kagmara I)",0,0,0,0,0,,
Lhayul Peak,LHAY,NA,,Api Himal (SW of Api Main),0,0,0,0,0,,
Lhonak,LNAK,Rifil Peak,,Janak Himal (WNW of Drohmo),0,0,0,0,0,,
Lhotse,LHOT,NA,,Khumbu Himal,0,0,1,1,2,,
Lhotse Middle,LHOM,Lhotse Intermediate,,Khumbu Himal (E of Lhotse),0,0,0,1,1,,
Lhotse Shar,LSHR,Lhotse II,,Khumbu Himal (ESE of Lhotse and Lhotse Middle),0,0,1,1,2,,
Lingtren,LING,NA,,Khumbu Himal (ENE of Pumori on Tibetan border),0,0,0,1,1,,
Linkhu Chuli Nup,LIK2,"Bigphera-Go Nup, Pigpferago Nup, Linkhu Chuli II",,"Rolwaling Himal (SSW of Parchamo, W of Likhu Chuli Shar)",0,0,0,0,0,,
Linkhu Chuli Shar,LIK1,"Bigphera-Go Shar, Pigpferago Shar, Linkhu Chuli I",,Rolwaling Himal (S of Parchamo),0,0,0,0,0,,
Lobuche East,LOBE,Lobuje East,,Khumbu Himal (SW of Pumori),1,0,0,1,2,,
Lobuche West,LOBW,Lobuje West,,Khumbu Himal (SW of Pumori),1,0,0,1,2,,
Lugula,LUGU,NA,,Damodar Himal (E of Bhrikuti Sail on Tibetan border),0,0,0,0,0,,
Lunag II,LUN2,NA,,Rolwaling Himal (SW of Nangpa La near Tibetan border),0,0,0,0,0,,
Lunag Ri,LUNR,"Lunag I, Rongshar Ri I, Ondrej Peak",,Rolwaling Himal (SW of Nangpa La on Tibetan border),1,0,0,1,2,,
Lunag West,LUNW,NA,,Rolwaling Himal (W of Lunag I on Tibetan border),0,0,0,0,0,,
Lunchhung Kamo East,LNKE,NA,,Kanti Himal (SE of Danfe Sail on Tibetan border),0,0,0,0,0,,
Lungchhung,LUNG,NA,,Palchung Himal (NE of Kanjiroba on Tibetan border),0,0,0,0,0,,
Lungsampa,LSAM,"Lung Sampa, Lumsumna",,Khumbu Himal (S of Nangpai Gosum II),0,0,0,0,0,,
Luza,LUZA,NA,,Khumbu Himal (SW of Gokyo Lake),0,0,0,0,0,,
Machhapuchhare,MACH,NA,,Annapurna Himal (SE of Annapurna III),0,0,0,0,0,,
Makalu,MAKA,NA,,Makalu Himal,0,0,0,1,1,,
Makalu II,MAK2,Kangchungtse,,Makalu Himal (NNW of Makalu on Tibetan border),0,0,0,0,0,,
Malanphulan,MALA,"Melanphulan, Malangphulang, Hinku Ri",,"Khumbu Himal (S of Ama Dablam, NW of Kangtega)",1,0,0,0,1,,
Manapathi,MANP,NA,,Dhaulagiri Himal (SSW of Dhaulagiri I),1,0,0,0,1,,
Manapathi NE,MPNE,NA,,"Dhaulagiri Himal (SSW of Dhaulagiri I, NE of Manapathi)",0,0,0,0,0,,
Manaslu,MANA,"Kutang I, Peak 30",,Manaslu Himal,0,1,1,1,3,,
Manaslu North,MANN,Manaslu II,,Manaslu Himal (N of Manaslu),1,0,0,0,1,,
Mansail,MNSL,Manshail,,Mustang Himal (NW of Lo Manthang on Tibetan border),0,0,0,0,0,,
Mansail South,MNSS,Manshail South,,Mustang Himal (S of Mansail on Tibetan border),0,0,0,0,0,,
Mardi Himal,MARD,NA,,Annapurna Himal (SW of Machhapuchhare),1,0,0,1,2,,
Mariyang,MARI,NA,,Kanti Himal (SE of Kanti Himal on Tibetan border),0,0,0,0,0,,
Mariyang West,MARW,NA,,Kanti Himal (WSW of Mariyang on Tibetan border),0,0,0,0,0,,
Matathumba,MATA,"Matatumpa, Ghyuthumba East",,Jagdula Lekh (S of Kanjiroba Himal),0,0,0,0,0,,
Mayonthang Kang,MAYT,Mayun Thang Khang,,Kanti Himal (NW of Changdi Himal on Tibetan border),0,0,0,0,0,,
Mera Peak,MERA,"""False"" Mera Peak",,Khumbu Himal (S of Ama Dablam),1,0,0,1,2,,
Mera South,MERS,NA,,Khumbu Himal (SW of Mera),0,0,0,0,0,,
Merra,MERR,NA,,Kangchenjunga Himal (WNW of Anidesh Chuli),1,0,0,0,1,,
Metalung,META,"Kuirhun, Kembalung",,"Khumbu Himal (in Hongku Valley, SE of Chamlang)",0,0,0,0,0,,
Mingbo Ri,MING,NA,,Khumbu Himal (S of Ama Dablam and Mingbo La),0,0,0,0,0,,
Mojca,MOJC,Mojka,,Kangchenjunga Himal (W of Ramtang Chang),0,0,0,0,0,,
Mukut Himal,MUKT,"Mukot Himal, Langru",,"Mukut Himal (N of Sita Chuchura, S of Hongde)",1,0,0,0,1,,
Mustang Himal,MUST,NA,,Mustang Himal (S of Mansail on Tibetan border),0,0,0,0,0,,
Mustang Peak,MUPK,NA,,Mustang Himal (S of Mustang Himal peak on Tibetan border),0,0,0,0,0,,
Myagdi Matha,MYAG,NA,,Dhaulagiri Himal (S of Dhaulagiri IV),0,0,0,0,0,,
Nagoru,NGOR,NA,,Peri Himal (NW of Himlung Himal),0,0,0,0,0,,
Nagoru Far East,NGOF,NA,,Peri Himal (NW of Himlung Himal),0,0,0,0,0,,
Nalakankar North,NALA,NA,,Nalakankar Himal (on W Nepal/Tibetan border),0,0,0,0,0,,
Nalakankar South,NALS,NA,,Nalakankar Himal (on W Nepal/Tibetan border),0,0,0,0,0,,
Nampa,NAMP,Chisel Peak,,Api Himal (E of Api),1,0,0,0,1,,
Nampa,NAMP,Chisel Peak,,Api Himal (E of Api),1,0,0,0,1,,
Nampa II,NAM2,NA,,Api Himal (W of Nampa),0,0,0,0,0,,
Nampa III,NAM3,Nampa Chuli,,Api Himal (SE of Nampa),0,0,0,0,0,,
Nampa South,NAMS,NA,,"Api Himal (S of Nampa, W of Nampa Chuli)",0,0,0,0,0,,
Nangamari I,NANG,NA,,Ohmi Kangri Himal (W of Chaw Peak on Tibetan border),0,0,0,0,0,,
Nangamari II,NAN2,NA,,Ohmi Kangri Himal (S of Nangamari I),0,0,0,0,0,,
Nangpai Gosum I,NAG1,"Nagpai Gosum I, Cho Aui",,Khumbu Himal (WSW of Cho Oyu on Tibetan border),0,0,0,0,0,,
Nangpai Gosum II,NAG2,"Nagpai Gosum II, Chamar",,Khumbu Himal (WSW of Cho Oyu on Tibetan border),0,0,0,1,1,,
Narphu,NPHU,NA,Pisang Peak,"Damodar Himal (WNW of Pisang Peak, E of Chulu East Peak)",0,0,0,0,0,,
Naulekh,NAUL,NA,,Khumbu Himal (S of Mera Peak),1,0,0,1,2,,
Naya Kanga,NAYA,"Kangja Chuli, Ghanja La Chuli",,Jugal Himal (W of Ganchempo by Kangja La),1,0,0,1,2,,
Nemjung,NEMJ,NA,,Peri Himal (S of Himlung Himal and Himjung),0,0,0,1,1,,
Nepal Gap Peak,NGAP,Nepal Gyap Peak,,Kangchenjunga Himal (ENE of Gimmegela on Indian border),0,0,0,0,0,,
Nepal Peak,NEPA,NA,,Jongsang Himal (N of Kangchenjunga on Indian border),0,1,0,1,2,,
Ngojumba Kang I,NGOJ,"Ngozumba Kang, Ngozumba Ri, Tenzing Peak",,Khumbu Himal (NE of Cho Oyu on Tibetan border),0,0,0,0,0,,
Ngojumba Kang II,NGO2,NA,,Khumbu Himal (NE of Cho Oyu on Tibetan border),0,1,0,0,1,,
Ngojumba Kang III,NGO3,Hillary Peak,,Khumbu Himal (NE of Cho Oyu on Tibetan border),0,0,0,0,0,,
Nilgiri Central,NILC,NA,,Annapurna-Nilgiri Himal (NW of Annapurna I),1,0,0,0,1,,
Nilgiri East,NILE,NA,,Annapurna-Nilgiri Himal (NNW of Annapurna I),0,0,0,0,0,,
Nilgiri North,NILN,NA,,Annapurna-Nilgiri Himal (NW of Annapurna I),1,0,0,1,2,,
Nilgiri South,NILS,NA,,Annapurna-Nilgiri Himal (NW of Annapurna I),1,0,0,1,2,,
Nilgiri South,NILS,NA,,Annapurna-Nilgiri Himal (NW of Annapurna I),1,0,0,1,2,,
Nirekha,NREK,NA,,Khumbu Himal (NW of Lobuje Peak),1,0,0,1,2,,
Norbu Kang,NORB,Norbu Khang,,Kanjiroba Himal (SE of Phoksumdo Tal),0,0,0,0,0,,
Numbur,NUMB,NA,,Rolwaling Himal (SW of Namche Bazar),0,0,0,0,0,,
Numri,NUMR,NA,,"Khumbu Himal (S of Cho Polu, N of Baruntse)",0,0,0,0,0,,
Nup La Kang,NUPL,Nupla Khang,,Khumbu Himal (N of Nup La on Tibetan border),0,0,0,0,0,,
Nupche Kang,NUPK,"Friendship Peak, Nupche Himal",,Khumbu Himal (ESE of Nangpa La on Tibetan border),0,0,0,0,0,,
Nuptse,NUPT,NA,,Khumbu Himal (SW of Everest),0,0,0,1,1,,
Nuptse East I,NUPE,NA,,Khumbu Himal (E of Nuptse main summit),0,0,0,0,0,,
Nuptse West II,NUPW,Nuptse Nup II,,Khumbu Himal (NW of Nuptse main summit),0,0,0,0,0,,
Ohmi Kangri,OHMI,NA,,Ohmi Kangri Himal (NW of Kangchenjunga on Tibetan border),0,0,0,0,0,,
Ombak Himal,OMBK,NA,,Ohmi Kangri Himal (NE of Ombak La in Tibet),0,0,0,0,0,,
Ombigaichen,OMBG,Puma Dablam,,Khumbu Himal (SE of Ama Dablam),1,0,0,0,1,,
Omitso Go,OMIT,Omi Tso Go,,Rolwaling Himal (NE of Kang Nachugo on Tibetan border),0,0,0,0,0,,
Omoga Ri Chang,OMRC,NA,,Khumbu Himal (NNE of Kangtega),0,0,0,0,0,,
Pabuk Kang,PBUK,Kangata,,Ohmi Kangri Himal (E of Nangamari I on Tibetan border),0,0,0,0,0,,
Paldor,PALD,Bharange,,Ganesh Himal (SE of  Ganesh V),1,0,0,0,1,,
Palung,PLNG,Palung Ri,,North of Cho Oyu (in Tibet),0,0,0,0,0,,
Pama Himal,PAMA,NA,,Shringi Himal (N of Chamar on Tibetan border),0,0,0,0,0,,
Panalotapa,PANT,"Paniyo Tapa, Paniyo Tippa",,Rolwaling Himal (W of Tengkangpoche),0,0,0,0,0,,
Panbari,PANB,NA,,Peri Himal (NW of Larkya La),0,0,0,1,1,,
Pandra,PAND,NA,,Ohmi Kangri Himal (NW of Lhonak),1,0,0,0,1,,
Pangbuk North,PANN,Jobo LeCoultre,,Rolwaling Himal (NE of Pangbuk Ri on Tibetan border),0,0,0,0,0,,
Pangbuk Ri,PANG,NA,,Rolwaling Himal (N of Menlung La on Tibetan border),1,0,0,0,1,,
Pankar Himal,PKAR,NA,,Manaslu Himal (ENE of Samagaon on Tibetan border),0,0,0,0,0,,
Panpoche 1,PAN1,"Pang Phunch 1, Kutang Himal",,Manaslu Himal (NE of Sama village near Tibetan border),0,0,0,0,0,,
Panpoche 2,PAN2,Pang Phunch 2,,Manaslu Himal (NE of Sama village near Tibetan border),0,0,0,0,0,,
Parchamo,PARC,"Parchermo, Parchemuche, Pachermo",,Rolwaling Himal (S of Tesi Laptsa),0,0,0,1,1,,
Pasang Lhamu Chuli,PASA,Jasemba,,Khumbu Himal (W of Cho Oyu & Cho Aui on Tibetan border),0,0,0,0,0,,
Pashuwo,PASH,Pashubo,,Ganesh Himal (N of Lampo on Tibetan border),0,0,0,0,0,,
Patrasi Himal,PATR,Kande Hiunchuli North,,Kanjiroba Himal (NE of Kande Huinchuli),0,0,0,0,0,,
Pawar Central,PAWR,Chaar Baatsa,,Pawar Himal (N of Larkya La),0,0,0,0,0,,
Peak 29,PK29,"Ngadi Chuli, Dakura, Dr Harka Gurung Chuli",,Manaslu Himal (S of Manaslu),0,0,0,0,0,,
Peak 4,PK04,Shershon Ri,,Khumbu Himal (SE of Baruntse),1,0,0,0,1,,
Peak 41,PK41,"""True"" Mera Peak",,Khumbu Himal (ESE of Ama Dablam),1,0,0,0,1,,
Pemthang Karpo Ri,PEMK,"Dome Blanc, Kan Karmo",,Jugal Himal (NNW of Dorje Lhakpa on Tibetan border),0,0,0,1,1,,
Pemthang Ri,PEMR,NA,,Jugal Himal (N of Pemthang Karpo Ri on Tibetan border),1,0,0,0,1,,
Peri,PERI,NA,,Langtang Himal (SE of Langtang Ri on Tibetan border),1,0,0,0,1,,
Peri Himal,PERH,NA,,Peri Himal (SE of Cheo Himal on Tibetan border),0,0,0,0,0,,
Pethangtse,PETH,NA,,Khumbu Himal (NW of Makalu on Tibetan border),0,0,1,0,1,,
Pethangtse East,PTHE,NA,,Khumbu Himal (ESE of Pethangtse on Tibetan border),0,0,0,0,0,,
Pharilapcha,PHAR,NA,,Khumbu Himal (SW of Gokyo Lake),0,0,0,1,1,,
Phole,PHOL,NA,,Kangchenjunga Himal (W of Kumbhakarna and Sobitongie),0,0,0,0,0,,
Phu Kang,PHUK,Phu Khang,,Peri Himal (N of Cheo Himal on Tibetan border),0,0,0,0,0,,
Phu Kang Go,PHUG,"Phu Khang Go, Athahra Saya Khola Himal",,Peri Himal (SE of Cheo on Tibetan border),0,0,0,0,0,,
Phu Kang North,PHUN,Phu Khang North,,Peri Himal (N of Cheo Himal on Tibetan border),0,0,0,0,0,,
Phungi,PHNG,NA,,Peri Himal (SE of Ratna Chuli on Tibetan border),0,0,0,0,0,,
Phungi Himal,PHNH,NA,,Manaslu Himal (W of Manaslu),0,0,0,0,0,,
Phurbi Chhyachu,PHUR,Phurbi Ghyachu,,Jugal Himal (SE of Dorje Lhakpa on Tibetan border),0,0,0,1,1,,
Pimu,PIMU,Pamalka,,Rolwaling Himal (N of Tesi Laptsa),0,0,0,0,0,,
Pisang,PISA,Jong Ri,,Damodar Himal (N of Marysangdi Valley),0,0,0,0,0,,
Pointed Peak,POIN,NA,,"Khumbu Himal (N of Cholatse, S of Tshola La)",0,0,0,0,0,,
Pokalde,POKA,Dolma Ri,,Khumbu Himal (N of Ama Dablam),1,0,0,1,2,,
Pokharkang,POKR,Pokhar Khang,Pisang Peak,Damodar Himal (N of Pisang Peak),0,0,0,0,0,,
Pota Himal North,POTA,Peak Hawley,Putha Hiunchuli,Dhaulagiri Himal (NE of Putha Hiunchuli),0,0,0,0,0,,
Pumori,PUMO,NA,,Khumbu Himal (WNW of Everest on Tibetan border),0,0,0,1,1,,
Punchen Himal,PUCH,Puchen Himal,,Shringi Himal (in Tsum Valley N of Pashuwo on Tibetan border),0,0,0,0,0,,
Purbung Himal,PURB,Putrung,,Damodar Himal (N of Chulu West),0,0,0,0,0,,
Purkhung,PURK,"Purkhang, Purkung",,Damodar Himal (NE of Thorong La),0,0,0,0,0,,
Putha Hiunchuli,PUTH,Dhaulagiri VII,Putha Hiunchuli,Dhaulagiri Himal (W of Churen Himal),1,0,0,1,2,,
Pyramid Peak,PYRM,"Pathibhara Chuli, Pathibhara Khas",,Jongsang Himal (N of Kangchenjunga on Indian border),0,0,0,0,0,,
Raksha Urai,RAKS,Raksha Urai III,,Raksha Urai Himal (ENE of Nampa),0,0,0,0,0,,
Ramdung,RAMD,Ramdong Go,,Rolwaling Himal (W of Tesi Laptsa),0,0,0,0,0,,
Ramtang,RAMT,NA,,Kangchenjunga Himal (N of Kangbachen),0,0,0,0,0,,
Ramtang Chang,RAMC,"Wedge Peak, Chang Himal",,Kangchenjunga Himal (N of Ramtang),0,0,0,0,0,,
Rani Peak,RANI,"Lidanda Peak, Himalchuli Northeast",,"Mansiri Himal (SE of Manaslu, NE of Himalchuli Main)",0,0,0,0,0,,
Rathong,RATH,NA,,Simhalila Himal (SW of Kabru on Indian border),1,0,0,0,1,,
Ratna Chuli,RATC,NA,,Peri Himal (NW of Himlung on Tibetan border),1,0,0,1,2,,
Raungsiyar,RAUN,NA,,Rolwaling Himal (N of Pimu),0,0,0,0,0,,
Rhimbu,RHIM,NA,,Shringi Himal (S of Tobsar),0,0,0,0,0,,
Ripimo Shar,RIPI,"Khang Karpo, Kang Karpo",,Rolwaling Himal (S of Dingjung Ri on Tibetan border),0,0,0,0,0,,
Roc Noir,ROCN,"Khangsar Kang, Khang Sar Khang",,Annapurna Himal (ENE of Annapurna I),0,0,0,0,0,,
Rokapi,ROKA,Kapchuli,,"Api Himal (S of Nampa, Bobaye and Jethi Bahurani)",0,0,0,0,0,,
Rolmi,ROLM,NA,,Shringi Himal (S of Tobsar),0,0,0,0,0,,
Rolwaling Kang,ROLK,Rolwaling Khang,,Rolwaling Himal (NNE of Tarkago),0,0,0,0,0,,
Roma,ROMA,NA,,Saipal Himal (SW of Saipal),0,0,0,0,0,,
Saipal,SAIP,NA,,Saipal Himal,1,0,0,1,2,,
Saipal East Humla,SAIE,NA,,Saipal Himal (NE of Saipal),0,0,0,0,0,,
Saldim,SALD,Peak 5,,Makalu Himal (ENE of Shershon village on Tibetan border),0,0,1,0,1,,
Saldim West,SALW,"Peak 5, Saldim Ri, Yaphu Ri",,Makalu Himal (ENE of Shershon village on Tibetan border),0,0,0,0,0,,
Samdo,SAMD,NA,,Manaslu Himal (NNE of Panpoche 1 & 2 on Tibetan border),1,0,0,0,1,,
Sanctuary Peak,SANC,NA,,Kanjiroba Himal (N of Kanjiroba North),0,0,0,0,0,,
Sano Bhrikuti,SANB,NA,,Damodar Himal (ENE of Bhrikuti),0,0,0,0,0,,
Sano Kailash,SANK,NA,,NA,0,0,0,0,0,,
Saribung,SARI,Selibung,,Damodar Himal (W of Bhrikuti),0,0,0,0,0,,
Sat Peak,SATO,Sato Peak,,Ohmi Kangri Himal (N of Sharphu range),0,0,0,0,0,,
Saula,SAUL,NA,,Manaslu Himal (ENE of Samagaon on Tibetan border),0,0,0,0,0,,
Serku Dolma,SRKU,NA,,Kanjiroba Himal (S of Tso Karpo Kang),0,0,0,0,0,,
Shalbachum,SHAL,"Salbachum, Phrul Rangtshan Ri",,Langtang Himal (E of Langtang Lirung on Tibetan border),1,0,0,0,1,,
Sharphu I,SPH1,Tanga I,,Ohmi Kangri Himal (WNW of Kangchenjunga),0,0,0,0,0,,
Sharphu II,SPH2,Tanga II,,Ohmi Kangri Himal (WNW of Kangchenjunga),0,0,0,0,0,,
Sharphu III,SPH3,Marson,,Ohmi Kangri Himal (WNW of Kangchenjunga),0,0,0,0,0,,
Sharphu IV,SPH4,Nupchu,,Ohmi Kangri Himal (WNW of Kangchenjunga),0,0,0,0,0,,
Sharphu V,SPH5,Tanga III,,Ohmi Kangri Himal (WNW of Kangchenjunga),0,0,0,0,0,,
Sharphu VI,SPH6,NA,,Ohmi Kangri Himal (WNW of Kangchenjunga),0,0,0,0,0,,
Shartse,SHAR,"Peak 38, Shanti Shikhar",Lhotse,Khumbu Himal (E of Lhotse Shar on Tibetan border),0,0,0,0,0,,
Shartse II,SHA2,Junction Peak,Lhotse,Khumbu Himal (E of Lhotse Shar on Tibetan border),0,0,1,0,1,,
Shershon,SHER,Peak 3,,Makalu Himal (NE of Shershon village on Tibetan border),0,0,0,0,0,,
Shershon Northwest,SHNW,NA,,Makalu Himal (NW of Shershon on Tibetan border),0,0,0,0,0,,
Shey Shikhar,SHEY,Junction Peak,,Kanjiroba Himal (SE of Kanjiroba and Tripura Hiunchuli),0,0,0,0,0,,
Simnang Himal,SIMN,"P2, Simnang Himal East",,Manaslu Himal (SE of Manaslu),0,0,0,0,0,,
Singu Chuli,SING,Fluted Peak,,Annapurna Himal (Annapurna Sanctuary),0,0,0,1,1,,
Sisne Himal,SISN,Hiunchuli Patan,,Sisne Himal (SW of Juphal in Rukum),0,0,0,1,1,,
Sita Chuchura,SITA,NA,,Mukut Himal (ENE of Dhaulagiri II near French Pass),1,0,0,1,2,,
Snow Peak,SNOW,NA,,Dhaulagiri Himal (E of Dhaulagiri II),0,0,0,0,0,,
Sobithongie,SOBI,NA,,Kangchenjunga Himal (W of Kumbhakarna),0,0,0,0,0,,
Sphinx,SPHN,"Pathibhara Phurba, Pathibhara East",,Jongsang Himal (NE of Pathibhara on Indian border),0,0,0,0,0,,
Surma-Sarovar North,SURM,NA,,Api Himal (SSE of Jethi Bahurani),0,0,0,0,0,,
Swaksa Kang,SWAK,NA,,Kanti Himal (SE of Kanti Himal peak on Tibetan border),0,0,0,0,0,,
Swelokhan,SWEL,NA,,Manaslu Himal (N of Samdo village on Tibetan border),0,0,0,0,0,,
Syaokang,SYKG,NA,,Ohmi Kangri Himal (SW of Ohmi Kangri near Tibetan border),0,0,0,0,0,,
Takargo,TKRG,Dragker-go,,Rolwaling Himal (E of Chobutse),1,0,0,1,2,,
Takargo East,TKRE,"Thakar Go East, Dragker-go East",,Rolwaling Himal (ESE of Takargo),0,0,0,0,0,,
Takla Kang,TAKL,Takla Khang,,Kanti Himal (W of Kanti Himal peak on Tibetan border),0,0,0,0,0,,
Takphu Himal,TAKP,NA,,Nalakankar Himal (on W Nepal/Tibetan border),0,0,0,0,0,,
Takphu North,TAKN,NA,,Nalakankar Himal (on W Nepal/Tibetan border),0,0,0,0,0,,
Talung,TLNG,NA,,Simhalila Himal (S of Kangchenjunga on Indian border),1,0,0,1,2,,
Tankya I,TANK,NA,,Kanti Himal (NE of Mariyang on Tibetan border),0,0,0,0,0,,
Taple Shikhar,TAPL,Cross Peak,,Kangchenjunga Himal (W of Nepal Peak),0,0,0,0,0,,
Tarke Kang Shar,TARS,Tare Kang,,Annapurna Himal (E of Glacier Dome),0,0,0,0,0,,
Tashi Kang,TASH,Tashi Khang,,Mukut Himal (N of Dhampus Peak),0,0,0,1,1,,
Tawa,TAWA,NA,,Damodar Himal (NNE of Yakawa Kang),0,0,0,0,0,,
Tawoche,TAWO,Taboche,,Khumbu Himal (NW of Ama Dablam),0,0,0,0,0,,
Tengi Ragi Tau,TENR,"Agole, Angole",,Rolwaling Himal (N of Tesi Laptsa),1,0,0,1,2,,
Tengi Ragi Tau East,TENE,"Agole East, Angole East",,Rolwaling Himal (NE of Tesi Laptsa),0,0,0,0,0,,
Tengi Ragi Tau South,TENS,"Pahamlahaka, Yasa Thak, Pomlaca",,Rolwaling Himal (E of Tesi Laptsa),0,0,0,0,0,,
Tengkangpoche,TKPO,Thyangmoche,,Rolwaling Himal (W of Kwangde),1,0,0,1,2,,
Tengkoma,TENG,Tang Kongma,,Jongsang Himal (NW of Kangchenjunga),0,0,0,0,0,,
Thamserku,THAM,Tramserku,,Khumbu Himal (SW of Ama Dablam),1,0,0,1,2,,
Tharke Kang,THRK,Tharke Khang,,Khumbu Himal (S of Nup La on Tibetan border),0,0,0,0,0,,
Tharpu Chuli,THAR,Tent Peak,,Annapurna Himal (Annapurna Sanctuary),0,0,0,1,1,,
Thoche Go,THOC,NA,,Peri Himal (SE of Cheo Himal on Tibetan border),0,0,0,0,0,,
Thorong Peak,THOR,Thorung Peak,,"Muktinath Himal, south of Thorong La",1,0,0,0,1,,
Thulagi,THUL,Mansiri Himal,,Manaslu Himal (SW of Manaslu),0,0,0,0,0,,
Til Kang,TILK,NA,,Nalakankar Himal (on W Nepal/Tibetan border),0,0,0,0,0,,
Tilicho,TILI,Tilitso,,Annapurna-Nilgiri Himal (N of Annapurna I),0,0,0,0,0,,
Tilje,TILJ,NA,,Peri Himal (SE of Gyajikang),0,0,0,0,0,,
Tobsar,TOBS,Tabsar,,Shringi Himal (ENE of Chamar),0,0,0,0,0,,
Tongu,TONG,NA,,Mukut Himal (N of Hongde in Hidden Valley),0,0,0,0,0,,
Triangle Peak,TRIA,NA,,Jugal Himal (NNW of Dome Blanc on Tibetan border),0,0,0,0,0,,
Tripura Hiunchuli,TRIP,"Tripura Thumba, Hanging Glacier Peak",,Kanjiroba Himal (SE of Kanjiroba),0,0,0,0,0,,
Tsartse,TSAR,NA,,Mukut Himal (N of Dhampus Peak),0,0,0,0,0,,
Tsaurabong Peak,TSUR,"Chara Ban Peak, White Peak",,Dhaulagiri Himal (SSE of Dhaulagiri V),1,0,0,0,1,,
Tsisima,TSIS,"Chijima, MDM Peak",,Janak Himal (WSW of Janak Chuli),0,0,0,0,0,,
Tso Karpo,TSKP,NA,,"Kanjiroba Himal (E of Kanjiroba, W of Tso Karpo Kang)",0,0,0,0,0,,
Tso Karpo Kang,TSOK,Tso Karpo Khang,,Kanjiroba Himal (E of Kanjiroba),0,0,0,0,0,,
Tukuche,TUKU,NA,,Dhaulagiri Himal (NE of Dhaulagiri I),0,0,0,0,0,,
Tutse,TUTS,"Peak 6, Nephu",,Makalu Himal (SE of Makalu),0,0,0,0,0,,
Urkema,URMA,"Baden Powell Scout Peak, Urgyenma",,Langtang Himal (W of Ganja La),0,0,0,0,0,,
Urkinmang,URKM,Buddha,,Jugal Himal (W of Dorje Lhakpa),0,0,0,0,0,,
Yakawa Kang,YAKA,NA,,Damodar Himal (N of Thorong La),1,0,0,1,2,,
Yalung Kang,YALU,Yalungkar,,Kangchenjunga Himal (W summit of Kangchenjunga),1,0,0,0,1,,
Yalung Kang West,YALW,NA,,Kangchenjunga Himal (W summit of Yalung Kang),0,0,0,0,0,,
Yangra Kangri South,YNGS,"Yangra South, Ganesh I South",,Ganesh Himal (NW of Ganesh III on Tibetan border),0,0,0,0,0,,
Yangri,YANG,Jugal,,Jugal Himal (N of Phurbi Chhyachu on Tibetan border),0,0,0,0,0,,
Yanme Kang,YANK,Yanme Khang,,Ohmi Kangri Himal (NW of Nangamari on Tibetan border),0,0,0,0,0,,
Yansa Tsenji,YANS,"Dragpoche, Dhagpache",,Langtang Himal (SW of Shalbachum on Tibetan border),1,0,0,0,1,,
Yara Chuli,YARA,Yala Chuli,,Palchung Himal (SE of Changdi on Tibetan border),0,0,0,0,0,,
Yarwa,YARW,NA,,Guras Himal (NW of Nampa on Tibetan border),0,0,0,0,0,,
Yaupa,YAUP,NA,,Makalu Himal (NE of Shershon village on Tibetan border),0,0,1,0,1,,
Yokopahar,YOKO,Nampa VIII,,Guras Himal (NNE of Nampa towards Tibetan border),0,0,0,0,0,,
Yubra,YUBR,NA,,Langtang Himal (ENE of Langtang Lirung),0,0,0,0,0,,
